Item Name,Price,Quantity,Date
"BIO FR.MILCH 3,8",1.25,1,2024-05-15
SOJAGHURT NATUR,0.89,4,2024-05-15
HUEHNERNUDELTOPF,3.39,1,2024-05-15
ZIMT GEMAHLEN,3.89,1,2024-05-15
TOMATENKETCHUP,1.89,1,2024-05-15
TORTELLINI KAESE,1.39,1,2024-05-17
BIO TOMATENS.KRA,1.89,1,2024-05-17
STUECKIGE TOMATE,1.19,1,2024-05-17
CHIPSFRISCH,1.11,1,2024-05-17
ORIENTAL,1.11,1,2024-05-17
"Funny Frisch 0,99",-0.24,1,2024-05-17
"BIO FR.MILCH 3,8",1.25,1,2024-05-17
SOJAGHURT NATUR,0.89,3,2024-05-17
HAFERFLOCK. ZART,1.19,1,2024-05-17
SPAETZLETOPF,3.39,1,2024-05-17
KOKOS,0.88,1,2024-05-17
COCA COLA,1.35,1,2024-05-17
"PFAND 0,25 EURO",0.25,1,2024-05-17
KOKOS,0.88,1,2024-05-18
MARZIPAN,0.88,1,2024-05-18
SOJAGHURT NATUR,0.89,4,2024-05-21
ITAL. GEMUESEPF,2.22,1,2024-05-21
KARAMEL SUTRA,4.44,1,2024-05-21
TORTELLINI BUNT,1.39,1,2024-05-21
CARAMEL BROWNIE,0.69,1,2024-05-21
ZARTBITTERSCHOKO,0.69,1,2024-05-21
SCHO.BLACK/WHITE,0.69,1,2024-05-21
SCHOGETT.VM.NUSS,0.69,1,2024-05-21
"Ben+Jerrys 3,99",-0.45,1,2024-05-21
REWE WOKMISCHUNG,1.99,1,2024-05-22
ROTE LINSEN,1.65,1,2024-05-22
REWE Bio -5%,-0.08,1,2024-05-22
EIER FH RES S-L,1.89,1,2024-05-24
"BIO FR.MILCH 3,8",1.25,1,2024-05-24
SOJAGHURT NATUR,0.89,4,2024-05-24
KOKOSMILCH,1.49,2,2024-05-24
STRACCIATELLA,0.69,1,2024-05-24
REWE Bio -5%,-0.06,1,2024-05-24
GERAMONT CLASSIC,1.99,1,2024-05-27
"BIO FR.MILCH 3,8",1.25,1,2024-05-27
SOJAGHURT NATUR,0.89,3,2024-05-27
SULTANINEN,0.99,4,2024-05-27
KAKAO,1.99,1,2024-05-27
BIO TOMATENS.KRA,1.89,2,2024-05-27
LINSEN CHIPS,1.49,1,2024-05-27
LUNGO ENTKOFF.,3.99,1,2024-05-27
REWE Bio -5%,-0.25,1,2024-05-27
MIREE KRAEUTER,1.89,1,2024-05-28
RUSTIKAL KNAECKE,2.39,1,2024-05-28
SOFT TRIP CHOC,1.69,1,2024-05-28
GERAMONT CLASSIC,1.99,2,2024-05-31
MAULTASCHEN.,2.19,1,2024-05-31
"BIO FR.MILCH 3,8",1.25,1,2024-05-31
SOJAGHURT NATUR,0.89,4,2024-05-31
GEMUESEPF. FRZ.,1.99,1,2024-05-31
BIO TOMATENS.KRA,1.89,2,2024-05-31
HERINGSFILETS,1.99,3,2024-05-31
REWE Bio -5%,-0.35,1,2024-05-31
"Heringsfilet 1,29",-2.1,1,2024-05-31
FLEISCHWU.ND,4.33,1,2024-06-01
WELTMEISTERBROT,2.39,1,2024-06-01
PAPRIKA MIX ESP,1.79,1,2024-06-01
STUECKIGE TOMATE,1.19,2,2024-06-01
"BIO FR.MILCH 3,8",1.25,1,2024-06-03
SOJAGHURT NATUR,0.89,4,2024-06-03
KOELLN BIO HAFER,2.29,1,2024-06-03
SCHOKOL. VOLLMIL,1.11,1,2024-06-03
DUPLO COCOS,2.79,1,2024-06-03
REWE Bio -5%,-0.12,1,2024-06-03
"BIO FR.MILCH 3,8",1.25,1,2024-06-05
SOJAGHURT NATUR,0.89,3,2024-06-05
HUEHNERNUDELTOPF,3.39,1,2024-06-05
REWE Bio -5%,-0.06,1,2024-06-05
"BIO FR.MILCH 3,8",1.25,1,2024-06-08
SOJAGHURT NATUR,0.89,4,2024-06-08
TORTELLINI KAESE,2.99,1,2024-06-08
HAEHN.GESCHNETZE,2.99,1,2024-06-08
SULTANINEN,0.99,4,2024-06-08
KAKAO,1.99,1,2024-06-08
KOKOSMILCH,1.49,1,2024-06-08
REWE Bio -5%,-0.06,1,2024-06-08
NATUR,1.59,2,2024-06-10
ROMARISPENTOMATE,2.79,1,2024-06-10
GURKE BW,0.79,1,2024-06-10
PAPRIKA MIX ESP,2.49,1,2024-06-10
SOJAGHURT NATUR,0.89,2,2024-06-10
HIMBEERESSIG,3.89,1,2024-06-10
ZIMT GEMAHLEN,3.89,1,2024-06-10
OLIV.GRUEN O.ST.,1.79,1,2024-06-10
TOFFIFEE 15ER,1.19,1,2024-06-10
RBW  -5%,-0.32,1,2024-06-10
BOWL ZUCCHINI,1.99,1,2024-06-11
PIZZA VEGETALE,1.99,1,2024-06-11
ROSENKOHL,2.39,1,2024-06-11
VEG.BURG.PATT.,1.99,1,2024-06-11
RBW  -5%,-0.2,1,2024-06-11
SOJAGHURT NATUR,0.89,4,2024-06-12
TOFFIFEE 15ER,1.19,2,2024-06-12
RBW  -5%,-0.18,1,2024-06-12
"BIO FR.MILCH 3,8",1.25,1,2024-06-12
GEMUESEPFANNE AN,2.22,1,2024-06-12
"BIO FR.MILCH 3,8",1.25,1,2024-06-14
SOJAGHURT NATUR,0.89,2,2024-06-14
HAFERFLOCK. ZART,1.69,1,2024-06-14
HARMONIE PADS,1.99,1,2024-06-14
RBW  -5%,-0.09,1,2024-06-14
SOJAGHURT NATUR,0.89,2,2024-06-15
TOFFIFEE 15ER,1.19,2,2024-06-15
RBW  -5%,-0.09,1,2024-06-15
"BIO FR.MILCH 3,8",1.25,1,2024-06-17
MILCHREIS,0.89,1,2024-06-17
GOLDMAIS,1.0,3,2024-06-17
KIDNEY BOHNEN,1.0,2,2024-06-17
Versch.Sorten,1.49,1,2024-06-17
RITTER CREAMY M.,0.88,1,2024-06-17
HASELNUSS,0.88,1,2024-06-17
KOKOS,0.88,1,2024-06-17
MARZIPAN,0.88,1,2024-06-17
"Ritter Sport 0,77",-0.44,1,2024-06-17
"BIO FR.MILCH 3,8",1.25,1,2024-06-20
SOJAGHURT NATUR,0.89,6,2024-06-20
SULTANINEN,0.99,4,2024-06-20
KAKAO,1.99,1,2024-06-20
ZIMT GEMAHLEN,3.89,1,2024-06-20
NATURALS ROSMARI,1.49,1,2024-06-20
KOKOS,0.88,1,2024-06-20
WAFFEL,0.88,1,2024-06-20
HASELNUSS,0.88,1,2024-06-20
RBW  -5%,-0.27,1,2024-06-20
"Ritter Sport 0,77",-0.33,1,2024-06-20
SOJAGHURT NATUR,0.89,2,2024-06-21
NATURALS ROSMARI,1.49,1,2024-06-21
COCA COLA,1.35,1,2024-06-21
"PFAND 0,25 EURO",0.25,1,2024-06-21
RBW  -5%,-0.09,1,2024-06-21
KART.FESTK.BIO,3.99,1,2024-06-24
ZWIEBELN BIO,2.49,1,2024-06-24
PAPRIKA MIX ESP,1.75,1,2024-06-24
CHAMPIGNONS BR,1.99,1,2024-06-24
"BIO FR.MILCH 3,8",1.25,1,2024-06-24
SOJAGHURT NATUR,0.89,2,2024-06-24
HAFERFLOCK. ZART,1.69,1,2024-06-24
RAVIOLI DIAVOLI,1.59,1,2024-06-24
DUSCHE NOIRE,0.99,1,2024-06-24
DUSCHE ICE KICK,0.99,1,2024-06-24
KOKOS&SHEA,0.99,1,2024-06-24
MOZZARELLA,1.11,2,2024-06-26
SOJAGHURT NATUR,0.89,4,2024-06-26
CHIPSFRISCH UNGA,2.79,1,2024-06-26
BIO EIER KL. S-L,2.49,1,2024-06-28
"BIO FR.MILCH 3,8",1.25,1,2024-06-28
SOJAGHURT NATUR,0.89,3,2024-06-28
SULTANINEN,0.99,3,2024-06-28
HERINGSFILETS,1.99,1,2024-06-28
ORIENTAL,1.99,1,2024-06-28
OLIV.GRUEN O.ST.,1.79,1,2024-06-29
BIO GETR.TOMATEN,2.99,1,2024-06-29
COCA COLA,1.35,1,2024-06-29
"PFAND 0,25 EURO",0.25,1,2024-06-29
SOJAGHURT NATUR,0.89,4,2024-07-01
CHIPSFRISCH,1.11,1,2024-07-01
BIO KESSELCHIPS,1.99,1,2024-07-01
BIO KICH.ERB.CHI,1.39,1,2024-07-01
SOJAGHURT NATUR,0.89,4,2024-07-04
HAFERFLOCK. ZART,1.69,1,2024-07-04
SCHOGETTEN ZB,0.79,1,2024-07-04
SULTANINEN,0.99,4,2024-07-05
ZIMT GEMAHLEN,3.89,1,2024-07-05
SCHO.BLACK/WHITE,0.79,1,2024-07-05
COCA COLA ZERO,1.79,1,2024-07-05
"PFAND 0,25 EURO",0.25,1,2024-07-05
"BIO FR.MILCH 3,8",1.25,1,2024-07-06
SOJAGHURT NATUR,0.89,4,2024-07-06
STRACCIATELLA,0.79,1,2024-07-06
"BIO FR.MILCH 3,8",1.25,1,2024-07-08
SOJAGHURT NATUR,0.89,4,2024-07-08
CRUNCHIPS HOTP,1.11,1,2024-07-08
"Lorenz 0,99",-0.12,1,2024-07-08
PAPRIKA ROT,1.79,1,2024-07-10
VEG.BURG.PATT.,1.99,1,2024-07-10
COCA COLA ZERO,1.29,1,2024-07-10
"PFAND 0,25 EURO",0.25,1,2024-07-10
"BIO FR.MILCH 3,8",1.25,1,2024-07-11
SOJAGHURT NATUR,0.89,3,2024-07-11
HAEHNCHENPFANNE,3.69,1,2024-07-11
HARMONIE PADS,1.99,1,2024-07-11
SOJAGHURT NATUR,0.89,4,2024-07-13
OLIV.GRUEN O.ST.,1.79,1,2024-07-13
KOKOSMILCH,1.49,2,2024-07-13
GERAMONT CLASSIC,1.99,1,2024-07-15
BIO HIRTENKAESE,1.99,2,2024-07-15
TOMATE RISPE,1.49,1,2024-07-15
GURKE BW,1.19,1,2024-07-15
PAPRIKA MIX ESP,1.99,1,2024-07-15
SOJAGHURT NATUR,0.95,3,2024-07-15
OFENFRISCH.PIZZA,2.22,1,2024-07-15
OLIV.GRUEN O.ST.,1.79,1,2024-07-15
Rewe Regional 5%,-0.06,1,2024-07-15
HAFERFLOCK. ZART,1.69,1,2024-07-16
SULTANINEN,1.19,2,2024-07-16
KAKAO,1.99,1,2024-07-16
COCA COLA ZERO,1.11,1,2024-07-16
"PFAND 0,25 EURO",0.25,1,2024-07-16
VEGANE SCHNITZEL,3.39,1,2024-07-18
VEG.BURG.PATT.,1.99,1,2024-07-18
COCA COLA ZERO,1.11,1,2024-07-18
"PFAND 0,25 EURO",0.25,1,2024-07-18
GERAMONT CLASSIC,1.99,1,2024-07-18
"BIO FR.MILCH 3,8",1.25,1,2024-07-18
SOJAGHURT NATUR,0.95,4,2024-07-18
JUNGER SPINAT,2.69,1,2024-07-18
PFEFFERK. SCHW.,3.49,1,2024-07-18
ZIMT GEMAHLEN,3.69,1,2024-07-18
"BIO FR.MILCH 3,8",1.25,1,2024-07-20
Versch.Sorten,2.19,1,2024-07-20
COCA COLA,1.35,1,2024-07-20
"PFAND 0,25 EURO",0.25,1,2024-07-20
EPIC FRESH,3.99,1,2024-07-20
SOJAGHURT NATUR,0.95,4,2024-07-22
SULTANINEN,1.19,2,2024-07-22
HERINGSFILETS,1.99,1,2024-07-22
NATURALS ROSMARI,1.49,1,2024-07-22
ZWIEBELN BIO,2.49,1,2024-07-23
KNOBLAUCH BIO,1.09,1,2024-07-23
SOJAGHURT NATUR,0.95,4,2024-07-23
GEMUESEBRUEHE,2.79,1,2024-07-23
ORO TOMATENMARK,0.99,1,2024-07-23
OM3 MINZFRISCH,1.59,1,2024-07-23
TEMPO TASCHENT.,1.89,1,2024-07-23
HAEHNCHENPFANNE,3.69,1,2024-07-24
KAKAO,1.99,1,2024-07-24
RAPSKERNOEL,1.65,1,2024-07-24
TOFFIFEE 15ER,1.49,1,2024-07-24
GEMUESEPF. MEDIT,1.99,1,2024-07-25
TOMATENKETCHUP,1.89,1,2024-07-25
NATURALS ROSMARI,1.49,1,2024-07-25
COCA COLA,1.35,1,2024-07-25
"PFAND 0,25 EURO",0.25,1,2024-07-25
BIO HIRTENKAESE,1.99,2,2024-07-26
TOMATE RISPE,2.29,1,2024-07-26
GURKE BW,1.19,1,2024-07-26
PAPRIKA MIX ESP,1.99,1,2024-07-26
SOJAGHURT NATUR,0.95,4,2024-07-26
SULTANINEN,1.19,2,2024-07-26
COCA COLA,1.35,1,2024-07-26
"PFAND 0,25 EURO",0.25,1,2024-07-26
Rewe Regional 5%,-0.06,1,2024-07-26
SOJAGHURT NATUR,0.95,3,2024-07-27
OLIV.GRUEN O.ST.,1.79,1,2024-07-27
HERINGSFILETS,1.99,1,2024-07-27
SOJAGHURT NATUR,0.95,4,2024-07-29
HERINGSFILETS,1.99,2,2024-07-29
"Heringsfilet 1,29",-1.4,1,2024-07-29
GERAMONT CLASSIC,2.99,1,2024-08-02
"BIO FR.MILCH 3,8",1.25,1,2024-08-02
SOJAGHURT NATUR,0.95,4,2024-08-02
SULTANINEN,1.19,2,2024-08-02
KAKAO,1.99,1,2024-08-02
HUEHNERNUDELTOPF,3.39,1,2024-08-02
SOJAGHURT NATUR,0.95,2,2024-08-03
BIO KESSELCHIPS,1.99,1,2024-08-03
SCHOKOLADE 85%,1.39,1,2024-08-03
CAPPELLETTI SPIN,1.89,1,2024-08-03
BIO TOMATENS.KRA,1.89,2,2024-08-03
STUECKIGE TOMATE,1.19,1,2024-08-03
COCA COLA,1.35,1,2024-08-03
"PFAND 0,25 EURO",0.25,1,2024-08-03
HAEHNCHENPFANNE,3.69,1,2024-08-05
BIO KESSELCHIPS,1.99,1,2024-08-05
"BIO FR.MILCH 3,8",1.25,1,2024-08-07
SOJAGHURT NATUR,0.95,4,2024-08-07
HAFERFLOCK. ZART,1.69,1,2024-08-07
SULTANINEN,1.19,3,2024-08-07
ZIMT GEMAHLEN,3.69,1,2024-08-07
BIO KESSELCHIPS,1.99,1,2024-08-07
BIO KESSELCHIPS,1.99,2,2024-08-10
SCHOKOLADE 85%,1.39,1,2024-08-10
SOJAGHURT NATUR,0.95,4,2024-08-10
RAVIOLI PIKANT,1.59,1,2024-08-10
BIO TOMATENS.KRA,1.89,1,2024-08-10
COCA COLA ZERO,1.11,1,2024-08-10
"PFAND 0,25 EURO",0.25,1,2024-08-10
GERAMONT CLASSIC,2.29,1,2024-08-12
SOJAGHURT NATUR,0.95,4,2024-08-12
HAEHNCHENPFANNE,3.69,1,2024-08-12
CLA. ALM. WHITE,2.99,1,2024-08-12
ROTE LINSEN,1.65,1,2024-08-12
RBW  5%,-0.37,1,2024-08-12
GERAMONT CLASSIC,2.29,2,2024-08-13
SOJAGHURT NATUR,0.95,2,2024-08-13
SULTANINEN,1.19,2,2024-08-13
KAKAO,2.49,1,2024-08-13
BRAUSETABLETTEN,2.99,1,2024-08-13
BIO KESSELCHIPS,1.99,1,2024-08-13
ERDN.GER.+GES.,8.99,1,2024-08-13
RBW  5%,-0.1,1,2024-08-13
MOZZARELLA,1.99,1,2024-08-14
SOJAGHURT NATUR,0.95,2,2024-08-14
KARAMEL SUTRA,6.99,1,2024-08-14
RBW  5%,-0.1,1,2024-08-14
CAPPELLETTI SPIN,1.89,1,2024-08-15
HAEHNCHENPFANNE,3.69,1,2024-08-15
HERINGSFILETS,1.99,1,2024-08-15
BIO KESSELCHIPS,1.99,1,2024-08-15
RBW  5%,-0.28,1,2024-08-15
KNUSPERKEKS,1.49,1,2024-08-16
NOIR 80% FLACH,1.19,1,2024-08-16
SOJAGHURT NATUR,0.95,2,2024-08-16
BIO TOMATENS.KRA,1.89,1,2024-08-16
COCA COLA,1.35,1,2024-08-16
"PFAND 0,25 EURO",0.25,1,2024-08-16
RBW  5%,-0.1,1,2024-08-16
BIO KESSELCHIPS,1.99,1,2024-08-17
KINDERSCHOKOLADE,1.19,1,2024-08-17
VEG. HASELNUSS,1.79,1,2024-08-17
"BIO FR.MILCH 3,8",1.25,1,2024-08-17
SOJAGHURT NATUR,0.95,2,2024-08-17
SULTANINEN,1.19,2,2024-08-17
ZIMT GEMAHLEN,3.69,1,2024-08-17
PADS SENSEO DECA,1.79,1,2024-08-17
RBW  5%,-0.1,1,2024-08-17
BANANE,1.79,1.06,2024-08-19
RISPENTOMATE DEU,2.19,1,2024-08-19
CHAMPIGNONS BR,1.99,1,2024-08-19
TOFFIFEE 15ER,1.19,1,2024-08-19
RBW  5%,-0.2,1,2024-08-19
SOJAGHURT NATUR,0.95,4,2024-08-20
IGLO BLATTSPINAT,2.99,1,2024-08-20
BIO KESSELCHIPS,1.99,1,2024-08-20
RBW  5%,-0.19,1,2024-08-20
SOJAGHURT NATUR,0.95,4,2024-08-24
ITAL. GEMUESEPF,2.22,1,2024-08-24
CORNFLAKES,1.69,1,2024-08-24
BIO KESSELCHIPS,1.99,1,2024-08-24
COCA COLA,1.35,1,2024-08-24
"PFAND 0,25 EURO",0.25,1,2024-08-24
RBW  5%,-0.19,1,2024-08-24
ZITRONE KL,1.79,1,2024-08-27
KARTOFFEL,2.39,1,2024-08-27
ZWIEBELN BIO,2.49,1,2024-08-27
ZUCCHINI BIO,1.39,1,2024-08-27
CHAMPIGNONS BR,1.99,1,2024-08-27
SOJAGHURT NATUR,0.95,4,2024-08-27
HAFERFLOCK. ZART,1.69,1,2024-08-27
ZIMT GEMAHLEN,3.69,1,2024-08-27
KOKOSMILCH,1.49,2,2024-08-27
STUECKIGE TOMATE,1.19,2,2024-08-27
RBW  5%,-0.67,1,2024-08-27
PAPRIKA ROT,1.39,1,2024-08-30
SOJAGHURT NATUR,0.95,4,2024-08-30
REWE JUNGER SPI.,0.89,1,2024-08-30
BIO TK BROCCOLI,1.79,1,2024-08-30
RAPSKERNOEL,1.55,1,2024-08-30
RBW  5%,-0.23,1,2024-08-30
BANANENCHIPS,1.79,1,2024-09-03
HAFERFL. KERNIG,0.79,1,2024-09-03
BIO KESSELCHIPS,1.59,3,2024-09-03
RECYCL.TOILETT.,2.45,1,2024-09-03
"BIO JOGHURT 3,8%",1.15,1,2024-09-04
SOJA NATUR UNGES,1.99,1,2024-09-04
LAUCHZW. BIO,1.59,1,2024-09-04
RISPENTOMATE DEU,1.39,1,2024-09-04
AUBERGINE,0.99,1,2024-09-04
CORNFLAKES,1.69,1,2024-09-04
SOJAGHURT NATUR,0.95,5,2024-09-05
KAKAO,2.49,1,2024-09-05
COCA COLA,1.35,1,2024-09-05
"PFAND 0,25 EURO",0.25,1,2024-09-05
SOJAGHURT NATUR,0.95,3,2024-09-06
OLIV.GRUEN O.ST.,1.79,1,2024-09-06
GETR. TOMATEN,1.39,1,2024-09-06
KOKOSMILCH,1.29,2,2024-09-06
PASSIERTE TOMATE,0.89,3,2024-09-06
COCA COLA,1.35,1,2024-09-06
"PFAND 0,25 EURO",0.25,1,2024-09-06
PFIRSICH GELB,2.19,1,2024-09-07
REWE WOKMISCHUNG,1.99,1,2024-09-07
COCA COLA,1.35,1,2024-09-07
"PFAND 0,25 EURO",0.25,1,2024-09-07
SOJAGHURT NATUR,0.95,5,2024-09-10
HAEHNCHENPFANNE,3.69,1,2024-09-10
SULTANINEN,1.19,3,2024-09-10
TOFFIFEE 15ER,1.49,1,2024-09-10
SOJAGHURT NATUR,0.95,4,2024-09-11
CORNFLAKES,1.69,1,2024-09-16
HUEHNERNUDELTOPF,3.39,1,2024-09-16
SOJAGHURT NATUR,0.95,6,2024-09-16
COCA COLA ZERO,1.29,1,2024-09-16
"PFAND 0,25 EURO",0.25,1,2024-09-16
"Coca Cola 2L 1,19",-0.1,1,2024-09-16
BANANE BIO,1.99,0.46,2024-09-17
BANANENCHIPS,2.49,1,2024-09-17
SOJAGHURT NATUR,0.95,4,2024-09-17
GERAMONT CLASSIC,2.22,1,2024-09-19
"BIO FR.MILCH 3,8",1.25,1,2024-09-19
SOJAGHURT NATUR,0.95,3,2024-09-19
SULTANINEN,1.19,2,2024-09-19
TOFFIFEE WHITE,1.49,1,2024-09-19
FA MEN,0.99,1,2024-09-19
FA,0.99,1,2024-09-19
LEERG. MW E. ST,-0.5,1,2024-09-19
LEERG. MW E. ST,-2.75,1,2024-09-19
LEERG. MW E. ST,-0.3,1,2024-09-19
"Fa Dusche 0,88",-0.22,1,2024-09-19
ZWIEBEL ROT BIO,1.79,1,2024-09-20
TOMATE RISPE,2.29,1,2024-09-20
BIO SUESSR-BUTT.,2.59,1,2024-09-20
SOJAGHURT NATUR,0.95,3,2024-09-20
KAKAO,2.99,1,2024-09-20
BIO KESSELCHIPS,1.99,1,2024-09-20
APFEL SNACKAPFEL,1.99,1,2024-09-21
INGWER BIO,7.9,0.088,2024-09-21
KNOBLAUCH BIO,1.09,1,2024-09-21
KUERB. HOKKAIDO,1.19,1.076,2024-09-21
"BIO FR.MILCH 3,8",1.25,1,2024-09-21
SOJAGHURT NATUR,0.95,2,2024-09-21
WEIZEN-VOLLKORNM,0.99,1,2024-09-21
SPEISEHIRSE,3.99,1,2024-09-21
BACKIN,1.29,1,2024-09-21
BACKAROM.ZITRONE,0.89,1,2024-09-21
HONIG FLUESSIG,6.99,1,2024-09-21
COCA COLA,1.59,1,2024-09-21
"PFAND 0,25 EURO",0.25,1,2024-09-21
Rewe Regional 5%,-0.06,1,2024-09-21
EIER FH RES 10ER,2.59,1,2024-09-24
SOJAGHURT NATUR,0.95,6,2024-09-24
SERVIETTEN 33CM,0.85,1,2024-09-24
OBLATEN,2.29,1,2024-09-24
RBW Produkte -10%,-0.83,1,2024-09-24
"BIO FR.MILCH 3,8",1.25,1,2024-09-26
SOJAGHURT NATUR,0.95,3,2024-09-26
CORNFLAKES,1.69,1,2024-09-26
SULTANINEN,1.19,3,2024-09-26
RBW Produkte -10%,-0.29,1,2024-09-26
SOJAGHURT NATUR,0.95,3,2024-09-27
HAEHNCHENPFANNE,3.69,1,2024-09-27
COCA COLA,1.59,1,2024-09-27
"PFAND 0,25 EURO",0.25,1,2024-09-27
RBW Produkte -10%,-0.65,1,2024-09-27
HAEHNCHENPFANNE,3.69,1,2024-09-28
OLIV.GRUEN O.ST.,1.79,2,2024-09-28
GETR. TOMATEN,1.79,1,2024-09-28
STUECKIGE TOMATE,1.19,2,2024-09-28
TOFFIFEE 15ER,1.49,1,2024-09-28
RBW Produkte -10%,-1.14,1,2024-09-28
BIO EIER KL. S-L,2.49,1,2024-09-30
"BIO FR.MILCH 3,8",1.25,1,2024-09-30
SOJAGHURT NATUR,0.95,3,2024-09-30
KAKAO,2.99,1,2024-09-30
COCA COLA,1.59,1,2024-09-30
"PFAND 0,25 EURO",0.25,1,2024-09-30
RBW Produkte -10%,-0.29,1,2024-09-30
KARTOFFELN BIO,2.22,1,2024-10-02
SOJAGHURT NATUR,0.95,4,2024-10-02
TEMPO TASCHENT.,1.89,1,2024-10-02
RBW Produkte -10%,-0.38,1,2024-10-02
ZWIEBEL ROT,0.75,1,2024-10-04
COCKTAILRISPE,2.49,1,2024-10-04
CHAMPIGNONS W,1.49,1,2024-10-04
RAPSKERNOEL,1.55,1,2024-10-04
BIO KESSELCHIPS,1.99,1,2024-10-04
COCA COLA,1.59,1,2024-10-04
"PFAND 0,25 EURO",0.25,1,2024-10-04
BLATTSPINAT,2.39,1,2024-10-05
ROTE LINSEN,2.29,1,2024-10-05
KOKOSMILCH,1.29,2,2024-10-05
COCA COLA,1.59,1,2024-10-05
"PFAND 0,25 EURO",0.25,1,2024-10-05
RBW Produkte -10%,-0.26,1,2024-10-05
BANANENCHIPS,2.49,1,2024-10-07
HAFERFL. ZART,0.79,2,2024-10-07
SULTANINEN,1.19,3,2024-10-07
HUEHNERNUDELTOPF,1.99,1,2024-10-07
LINSENCHIPS,0.99,1,2024-10-07
RBW Produkte -5%,-0.05,1,2024-10-07
SOJA NATUR UNGES,1.49,3,2024-10-08
MY HAPPY PLACE,2.99,1,2024-10-08
BE HAPPY TEE,2.99,1,2024-10-08
APF. SANTANA BIO,3.49,1,2024-10-09
"BIO FR.MILCH 3,8",1.25,1,2024-10-09
COCA COLA,1.59,1,2024-10-09
"PFAND 0,25 EURO",0.25,1,2024-10-09
SOYADESS.VANILLE,1.49,1,2024-10-10
SOYADESS.SCHOKO,1.49,1,2024-10-10
SOJA NATUR UNGES,1.49,3,2024-10-10
CORNFLAKES,1.69,1,2024-10-10
COCA COLA,1.59,1,2024-10-10
"PFAND 0,25 EURO",0.25,1,2024-10-10
SOJAGHURT NATUR,0.95,2,2024-10-11
KOKOSMILCH,1.29,2,2024-10-11
BIO KOKOSMILCH,1.29,2,2024-10-11
BIO KESSELCHIPS,1.99,1,2024-10-11
RBW Produkte -5%,-0.22,1,2024-10-11
SOJAGHURT NATUR,0.95,2,2024-10-12
BLATTSPINAT,2.39,1,2024-10-12
COCA COLA,1.59,1,2024-10-12
"PFAND 0,25 EURO",0.25,1,2024-10-12
RBW Produkte -5%,-0.1,1,2024-10-12
KAROTTE BIO,0.99,1,2024-10-14
SOJAGHURT NATUR,0.95,2,2024-10-14
HAEHNCHEN PAELLA,2.69,1,2024-10-14
COCA COLA ZERO,1.19,1,2024-10-14
"PFAND 0,25 EURO",0.25,1,2024-10-14
RBW Produkte -5%,-0.1,1,2024-10-14
"Frosta Gerichte 2,49",-0.2,1,2024-10-14
BIO CAMEMBERT,1.99,1,2024-10-16
SOJAGURT NATUR,1.39,3,2024-10-16
"BIO FR.MILCH 3,8",1.25,1,2024-10-17
SOJAGHURT NATUR,0.95,1,2024-10-17
SOJAGURT NATUR,1.39,1,2024-10-17
COCA COLA ZERO,1.19,1,2024-10-17
"PFAND 0,25 EURO",0.25,1,2024-10-17
RBW Produkte -5%,-0.05,1,2024-10-17
BIO EIER KL. S-L,2.49,1,2024-10-19
SOJAGURT NATUR,1.39,2,2024-10-19
HERINGSFILETS,1.99,1,2024-10-19
COCA COLA ZERO,1.19,1,2024-10-19
"PFAND 0,25 EURO",0.25,1,2024-10-19
GERAMONT CLASSIC,2.22,1,2024-10-21
TORT. TOM-MOZ,2.19,1,2024-10-21
SOJAGHURT NATUR,0.95,1,2024-10-21
SULTANINEN,1.19,1,2024-10-21
KAKAO,2.99,1,2024-10-21
BIO TOMATENS.KRA,1.89,2,2024-10-21
HERINGSFILETS,1.99,1,2024-10-21
LEERG. MW E. ST,-2.75,1,2024-10-21
"Appel Heringsf. 1,19",-0.8,1,2024-10-21
REWE Bio -5%,-0.3,1,2024-10-21
SOJAGURT NATUR,1.39,3,2024-10-22
CORNFLAKES,1.69,1,2024-10-22
REWE Bio -5%,-0.21,1,2024-10-22
SULTANINEN,1.19,3,2024-10-23
ZIMT GEMAHLEN,3.69,1,2024-10-23
BIO KOKOSMILCH,1.29,3,2024-10-23
ORANGE 60%,1.39,1,2024-10-23
REWE Bio -5%,-0.26,1,2024-10-23
GERAMONT CLASSIC,2.22,2,2024-10-25
SOJAGURT NATUR,1.39,3,2024-10-25
HUEHNERNUDELTOPF,3.39,1,2024-10-25
ORANGE 60%,1.39,1,2024-10-25
REWE Bio -5%,-0.28,1,2024-10-25
ROSENKOHL,1.49,1,2024-10-26
SOJAGURT NATUR,1.39,2,2024-10-26
REWE Bio -5%,-0.14,1,2024-10-26
TORTELLONI,1.89,1,2024-10-28
ZWIEBEL ROT,0.79,1,2024-10-28
BIO TOMATENS.KRA,1.89,2,2024-10-28
REWE Bio -5%,-0.19,1,2024-10-28
SOJAGURT NATUR,1.39,3,2024-10-29
ORANGE 60%,1.39,1,2024-10-29
REWE Bio -5%,-0.28,1,2024-10-29
"BIO FR.MILCH 3,8",1.25,1,2024-10-31
SOJAGHURT NATUR,0.85,3,2024-10-31
KEKSE NUESSE,2.69,1,2024-10-31
REWE Bio -5%,-0.06,1,2024-10-31
"BIO FR.MILCH 3,8",1.25,1,2024-11-02
SOJAGURT NATUR,1.39,2,2024-11-02
HUEHNERNUDELTOPF,3.39,1,2024-11-02
ZIMT GEMAHLEN,3.69,1,2024-11-02
M&M S 250GR,3.99,1,2024-11-02
REWE Bio -5%,-0.2,1,2024-11-02
SOJAGHURT NATUR,0.95,1,2024-11-04
PAELLA,3.49,1,2024-11-04
PRINZENROLLE,2.29,1,2024-11-04
EIER FH RES S-L,1.89,1,2024-11-05
SOJAGHURT NATUR,0.95,2,2024-11-05
CORNFLAKES,1.69,1,2024-11-05
APFELMUS,1.89,1,2024-11-05
CHIPSFRISCH,1.29,1,2024-11-05
"Funny Frisch 1,11",-0.18,1,2024-11-05
BANANENCHIPS,2.49,1,2024-11-06
SOJAGURT NATUR,1.39,4,2024-11-06
HAEHNCHENPFANNE,3.69,1,2024-11-06
WEIZEN-VOLLKORNM,0.99,1,2024-11-06
RAPSKERNOEL,1.55,1,2024-11-06
REWE Bio -5%,-0.53,1,2024-11-06
SOYADESS.SCHOKO,2.19,1,2024-11-07
SOYADESS.VANILLE,2.19,1,2024-11-07
SCHOKOMUESLI,2.79,1,2024-11-08
SULTANINEN,1.19,3,2024-11-08
KAKAO,2.99,1,2024-11-08
HUEHNERNUDELTOPF,3.39,1,2024-11-08
REWE Bio -5%,-0.14,1,2024-11-08
GERAMONT CLASSIC,3.29,1,2024-11-09
SOJAGURT NATUR,1.39,3,2024-11-09
SOFT CAKE ORANGE,1.79,1,2024-11-09
REWE Bio -5%,-0.21,1,2024-11-09
GERAMONT CLASSIC,2.22,3,2024-11-11
ZITRONE BIO,1.39,1,2024-11-11
AUBERGINE,0.99,1,2024-11-11
SOJAGURT NATUR,1.39,1,2024-11-11
SCHINKEN-SAUERRA,1.99,1,2024-11-11
HERINGSFILET TER,1.99,1,2024-11-11
COCA COLA ZERO,1.19,1,2024-11-11
"PFAND 0,25 EURO",0.25,1,2024-11-11
ZC KARIESSCHUTZ,1.39,1,2024-11-11
OM3 MINZFRISCH,1.39,1,2024-11-11
REWE Bio -5%,-0.07,1,2024-11-11
"Ofenfrische 1,88",-0.11,1,2024-11-11
KARTOFFELN BIO,2.99,1,2024-11-12
KNOBLAUCH,1.29,1,2024-11-12
AUBERGINE,0.99,1,2024-11-12
SOJAGURT NATUR,1.39,3,2024-11-12
PASSIERTE TOMATE,1.19,1,2024-11-12
COCA COLA ZERO,1.19,1,2024-11-12
"PFAND 0,25 EURO",0.25,1,2024-11-12
REWE Bio -5%,-0.36,1,2024-11-12
"BIO FR.MILCH 3,8",1.25,1,2024-11-14
SOJAGHURT NATUR,0.95,3,2024-11-14
SCHOKOMUESLI,2.79,1,2024-11-14
BIO PORR. BEERE,2.99,2,2024-11-14
HERINGSFILET TER,1.99,1,2024-11-14
COCA COLA ZERO,1.19,1,2024-11-14
"PFAND 0,25 EURO",0.25,1,2024-11-14
OBLATEN,2.39,1,2024-11-14
REWE Bio -5%,-0.5,1,2024-11-14
GERAMONT CLASSIC,2.22,2,2024-11-16
AUBERGINE BIO,0.88,2,2024-11-16
SOJAGURT NATUR,1.39,2,2024-11-16
HUEHNERNUDELTOPF,1.99,1,2024-11-16
STUECKIGE TOMATE,1.19,1,2024-11-16
COCA COLA ZERO,1.19,1,2024-11-16
"PFAND 0,25 EURO",0.25,1,2024-11-16
LEERG. MW V. ST,-0.75,1,2024-11-16
REWE Bio -5%,-0.23,1,2024-11-16
BIO EIER KL. S-L,2.59,1,2024-11-18
"BIO FR.MILCH 3,8",1.25,1,2024-11-18
HAFERFL. ZART,0.79,1,2024-11-18
OBLATEN,2.39,1,2024-11-19
TORT. TOM-MOZ,2.19,1,2024-11-21
SOJAGURT NATUR,1.39,3,2024-11-21
SOJAGHURT NATUR,0.95,1,2024-11-22
SULTANINEN,1.19,3,2024-11-22
TOFFIFEE 15ER,1.49,1,2024-11-22
SOFT CAKE ORANGE,1.79,1,2024-11-22
COCA COLA ZERO,1.89,1,2024-11-22
"PFAND 0,25 EURO",0.25,1,2024-11-22
RBW Produkte -5%,-0.05,1,2024-11-22
ROTKOHL,1.29,2.254,2024-11-23
SOJAGURT NATUR,1.39,2,2024-11-23
HAEHNCHENPFANNE,3.69,1,2024-11-23
RBW Produkte -5%,-0.18,1,2024-11-23
HUEHNERNUDELTOPF,1.99,2,2024-11-25
PASSIERTE TOMATE,1.19,2,2024-11-25
MERCI MOU.CHOC,2.49,1,2024-11-25
CHOCO EDELHERB,1.29,1,2024-11-25
COCA COLA ZERO,1.39,1,2024-11-25
"PFAND 0,25 EURO",0.25,1,2024-11-25
RBW Produkte -5%,-0.12,1,2024-11-25
"Merci 2,29",-0.2,1,2024-11-25
SOJAGURT NATUR,1.39,3,2024-11-26
CORNFLAKES,1.69,1,2024-11-26
CHOCO EDELHERB,1.29,1,2024-11-26
PRINZENROLLE VK,1.49,1,2024-11-26
BIO CAMEMBERT,1.99,1,2024-11-26
"BIO FR.MILCH 3,8",1.25,1,2024-11-26
SOJAGURT NATUR,1.39,2,2024-11-28
M&M S PEANUT,2.22,1,2024-11-28
LEIBNIZ MINIS,1.49,1,2024-11-28
BIO PORR. KAKAO,2.99,2,2024-11-29
HUEHNERNUDELTOPF,1.99,2,2024-11-29
COCA COLA ZERO,1.39,1,2024-11-29
"PFAND 0,25 EURO",0.25,1,2024-11-29
"BIO FR.MILCH 3,8",1.25,1,2024-12-02
SOJAGURT NATUR,1.39,3,2024-12-02
REWE RAHMSPINAT,1.39,1,2024-12-02
HAFERFL. ZART,0.79,1,2024-12-02
RAVIOLI DIAVOLI,1.59,1,2024-12-02
SOJAGURT NATUR,1.39,4,2024-12-03
LITTLE DREAMER,1.99,1,2024-12-03
SOJAGURT NATUR,1.39,3,2024-12-05
BIO PORR. BEERE,2.99,1,2024-12-05
TOFFIFEE 48ER,3.59,1,2024-12-05
ZWIEBEL ROT,1.19,1,2024-12-05
SOJAGURT NATUR,1.39,2,2024-12-05
BLATTSPINAT,2.39,1,2024-12-05
SULTANINEN,1.19,4,2024-12-05
BACKKAKAO,1.99,1,2024-12-05
PASSIERTE TOMATE,1.19,1,2024-12-05
STUECKIGE TOMATE,1.19,1,2024-12-05
COCA COLA,1.59,1,2024-12-05
"PFAND 0,25 EURO",0.25,1,2024-12-05
SOJAGURT NATUR,1.39,2,2024-12-07
CORNFLAKES,1.69,1,2024-12-07
ZITRONE,0.79,1,2024-12-09
KAROTTE,0.79,1,2024-12-09
KUERB. HOKKAIDO,1.49,1.346,2024-12-09
"BIO FR.MILCH 3,8",1.25,1,2024-12-09
KOKOSMILCH,1.29,1,2024-12-09
KARTOFFELN BIO,1.99,1,2024-12-12
ROSENKOHL,0.85,1,2024-12-12
"BIO FR.MILCH 3,8",1.25,1,2024-12-12
BLATTSPINAT,2.39,1,2024-12-12
BIO HAFERKLEIE,1.89,1,2024-12-12
BIO PORR. BEERE,2.99,1,2024-12-12
HERINGSFILET TER,1.11,1,2024-12-12
STUECKIGE TOMATE,1.19,1,2024-12-12
PASSIERTE TOMATE,1.19,2,2024-12-12
"BIO FR.MILCH 3,8",1.25,1,2024-12-16
SOJAGURT NATUR,1.39,4,2024-12-16
SULTANINEN,1.19,2,2024-12-16
ZWIEBEL ROT BIO,1.39,1,2024-12-17
EIER FH RES S-L,1.89,1,2024-12-17
RAPSKERNOEL,1.55,1,2024-12-17
PASSIERTE TOMATE,1.19,2,2024-12-17
SOJAGURT NATUR,1.39,3,2024-12-18
BACKKAKAO,1.99,1,2024-12-18
HUEHNERNUDELTOPF,1.59,3,2024-12-18
ZIMT GEMAHLEN,3.69,1,2024-12-18
LEERG. MW E. ST,-1.25,1,2024-12-18
ZITRONE BIO,0.89,2,2024-12-19
ROTKOHL,0.89,2.116,2024-12-19
SOJAGURT NATUR,1.39,4,2024-12-20
SULTANINEN,1.19,2,2024-12-20
LINSEN-EINTOPF,1.59,2,2024-12-20
RECYCL.TOILETT.,2.45,2,2024-12-20
GNOCCHI,1.89,1,2024-12-27
KARTOFFELN BIO,2.99,1,2024-12-27
WIRSING,1.59,1.384,2024-12-27
SOJAGURT NATUR,1.39,2,2024-12-27
TELLERLINSEN,2.19,1,2024-12-27
BIO EIER S-XL,3.19,1,2024-12-28
"BIO FR.MILCH 3,8",1.25,1,2024-12-28
SOJAGURT NATUR,1.39,4,2024-12-28
CORNFLAKES,1.69,1,2024-12-28
BACKKAKAO,1.99,1,2024-12-28
PASSIERTE TOMATE,1.19,1,2024-12-28
FA,0.88,1,2024-12-28
FA,0.88,1,2024-12-28
OLIV KNOBL 150G,2.29,1,2024-12-30
"BIO FR.MILCH 3,8",1.25,1,2024-12-30
BW ZIMT,2.79,1,2024-12-30
KOKOSMILCH,1.29,2,2024-12-30
BIO KESSELCHIPS,1.59,1,2024-12-30
ZITR.-DIREKTSAFT,1.99,1,2024-12-30
GERAMONT CLASSIC,2.22,1,2024-12-30
ZWIEBEL ROT,1.19,1,2024-12-30
SOJAGURT NATUR,1.11,4,2024-12-30
BIO ROTE LINSEN,1.29,2,2024-12-30
PASSIERTE TOMATE,1.19,3,2024-12-30
